<?xml version="1.0" encoding="UTF-8"?>
    <addon id="kodimaster.repository" name="KodiMaster Repository" version="1.0.11" provider-name="KodiMaster">
        <requires>
            <import addon="xbmc.addon" version="12.0.0"/>
        </requires>
        <extension point="xbmc.addon.repository" name="KodiMaster Repository">
            <info compressed="false">https://github.com/KodiMaster/repo/raw/master/_repo/addons.xml</info>
            <checksum>https://github.com/KodiMaster/repo/raw/master/_repo/addons.xml.md5</checksum>
            <datadir zip="true">https://github.com/KodiMaster/repo/raw/master/_repo/</datadir>
            <hashes>false</hashes>
        </extension>
        <extension point="xbmc.addon.metadata">
            <summary>KodiMaster Repository</summary>
            <description>The KodiMaster Repository - Home of the KodiMaster Wizard. http://kodimaster.com</description>
            <platform>all</platform>
    </extension>
</addon>